Año;Mes;Moneda;Partida;Nombre Partida;Subtítulo;Nombre Subtítulo;Ejecución de OCTUBRE;Ejecución a OCTUBRE
2023;Octubre;DOLARES;06;MINISTERIO DE RELACIONES EXTERIORES;08;OTROS INGRESOS CORRIENTES;-17;864
2023;Octubre;DOLARES;06;MINISTERIO DE RELACIONES EXTERIORES;09;APORTE FISCAL;17.965;142.752
2023;Octubre;DOLARES;06;MINISTERIO DE RELACIONES EXTERIORES;11;VENTA DE ACTIVOS FINANCIEROS;681;5.675
2023;Octubre;DOLARES;06;MINISTERIO DE RELACIONES EXTERIORES;21;GASTOS EN PERSONAL;7.537;74.990
2023;Octubre;DOLARES;06;MINISTERIO DE RELACIONES EXTERIORES;22;BIENES Y SERVICIOS DE CONSUMO;2.829;26.126
2023;Octubre;DOLARES;06;MINISTERIO DE RELACIONES EXTERIORES;23;PRESTACIONES DE SEGURIDAD SOCIAL;0;80
2023;Octubre;DOLARES;06;MINISTERIO DE RELACIONES EXTERIORES;24;TRANSFERENCIAS CORRIENTES;2.624;27.301
2023;Octubre;DOLARES;06;MINISTERIO DE RELACIONES EXTERIORES;26;OTROS GASTOS CORRIENTES;66;100
2023;Octubre;DOLARES;06;MINISTERIO DE RELACIONES EXTERIORES;29;ADQUISICIÓN DE ACTIVOS NO FINANCIEROS;181;1.825
2023;Octubre;DOLARES;06;MINISTERIO DE RELACIONES EXTERIORES;31;INICIATIVAS DE INVERSIÓN;56;177
2023;Octubre;DOLARES;06;MINISTERIO DE RELACIONES EXTERIORES;33;TRANSFERENCIAS DE CAPITAL;0;150
2023;Octubre;DOLARES;06;MINISTERIO DE RELACIONES EXTERIORES;34;SERVICIO DE LA DEUDA;0;297
2023;Octubre;DOLARES;11;MINISTERIO DE DEFENSA NACIONAL;08;OTROS INGRESOS CORRIENTES;5;6.969
2023;Octubre;DOLARES;11;MINISTERIO DE DEFENSA NACIONAL;09;APORTE FISCAL;8.154;104.699
2023;Octubre;DOLARES;11;MINISTERIO DE DEFENSA NACIONAL;11;VENTA DE ACTIVOS FINANCIEROS;412;7.750
2023;Octubre;DOLARES;11;MINISTERIO DE DEFENSA NACIONAL;12;RECUPERACIÓN DE PRÉSTAMOS;104;1.578
2023;Octubre;DOLARES;11;MINISTERIO DE DEFENSA NACIONAL;21;GASTOS EN PERSONAL;3.345;30.074
2023;Octubre;DOLARES;11;MINISTERIO DE DEFENSA NACIONAL;22;BIENES Y SERVICIOS DE CONSUMO;3.596;60.508
2023;Octubre;DOLARES;11;MINISTERIO DE DEFENSA NACIONAL;23;PRESTACIONES DE SEGURIDAD SOCIAL;0;51
2023;Octubre;DOLARES;11;MINISTERIO DE DEFENSA NACIONAL;24;TRANSFERENCIAS CORRIENTES;79;16.658
2023;Octubre;DOLARES;11;MINISTERIO DE DEFENSA NACIONAL;25;INTEGROS AL FISCO;0;124
2023;Octubre;DOLARES;11;MINISTERIO DE DEFENSA NACIONAL;29;ADQUISICIÓN DE ACTIVOS NO FINANCIEROS;208;961
2023;Octubre;DOLARES;11;MINISTERIO DE DEFENSA NACIONAL;32;PRÉSTAMOS;29;972
2023;Octubre;DOLARES;11;MINISTERIO DE DEFENSA NACIONAL;33;TRANSFERENCIAS DE CAPITAL;0;30
2023;Octubre;DOLARES;11;MINISTERIO DE DEFENSA NACIONAL;34;SERVICIO DE LA DEUDA;0;2.554
2023;Octubre;DOLARES;50;TESORO PÚBLICO;01;IMPUESTOS;10.058;133.196
2023;Octubre;DOLARES;50;TESORO PÚBLICO;05;TRANSFERENCIAS CORRIENTES;0;1.536
2023;Octubre;DOLARES;50;TESORO PÚBLICO;06;RENTAS DE LA PROPIEDAD;154.069;608.281
2023;Octubre;DOLARES;50;TESORO PÚBLICO;07;INGRESOS DE OPERACIÓN;215;3.032
2023;Octubre;DOLARES;50;TESORO PÚBLICO;08;OTROS INGRESOS CORRIENTES;18;983.940
2023;Octubre;DOLARES;50;TESORO PÚBLICO;11;VENTA DE ACTIVOS FINANCIEROS;509.884;319.627
2023;Octubre;DOLARES;50;TESORO PÚBLICO;14;ENDEUDAMIENTO;0;4.412.125
2023;Octubre;DOLARES;50;TESORO PÚBLICO;22;BIENES Y SERVICIOS DE CONSUMO;189;40.279
2023;Octubre;DOLARES;50;TESORO PÚBLICO;24;TRANSFERENCIAS CORRIENTES;0;32.018
2023;Octubre;DOLARES;50;TESORO PÚBLICO;26;OTROS GASTOS CORRIENTES;0;80
2023;Octubre;DOLARES;50;TESORO PÚBLICO;27;APORTE FISCAL LIBRE;26.119;247.451
2023;Octubre;DOLARES;50;TESORO PÚBLICO;30;ADQUISICIÓN DE ACTIVOS FINANCIEROS;485.917;3.633.726
2023;Octubre;DOLARES;50;TESORO PÚBLICO;34;SERVICIO DE LA DEUDA;67.486;2.386.237
2023;Octubre;PESOS;01;PRESIDENCIA DE LA REPÚBLICA;08;OTROS INGRESOS CORRIENTES;107.904;633.158
2023;Octubre;PESOS;01;PRESIDENCIA DE LA REPÚBLICA;09;APORTE FISCAL;1.713.733;17.588.932
2023;Octubre;PESOS;01;PRESIDENCIA DE LA REPÚBLICA;10;VENTA DE ACTIVOS NO FINANCIEROS;0;4.668
2023;Octubre;PESOS;01;PRESIDENCIA DE LA REPÚBLICA;12;RECUPERACIÓN DE PRÉSTAMOS;0;767.211
2023;Octubre;PESOS;01;PRESIDENCIA DE LA REPÚBLICA;21;GASTOS EN PERSONAL;675.247;8.140.136
2023;Octubre;PESOS;01;PRESIDENCIA DE LA REPÚBLICA;22;BIENES Y SERVICIOS DE CONSUMO;905.498;5.680.170
2023;Octubre;PESOS;01;PRESIDENCIA DE LA REPÚBLICA;24;TRANSFERENCIAS CORRIENTES;306.916;2.968.955
2023;Octubre;PESOS;01;PRESIDENCIA DE LA REPÚBLICA;29;ADQUISICIÓN DE ACTIVOS NO FINANCIEROS;0;199.545
2023;Octubre;PESOS;01;PRESIDENCIA DE LA REPÚBLICA;34;SERVICIO DE LA DEUDA;0;1.599.445
2023;Octubre;PESOS;02;CONGRESO NACIONAL;05;TRANSFERENCIAS CORRIENTES;5.978;69.851
2023;Octubre;PESOS;02;CONGRESO NACIONAL;08;OTROS INGRESOS CORRIENTES;68.449;706.234
2023;Octubre;PESOS;02;CONGRESO NACIONAL;09;APORTE FISCAL;12.787.821;130.685.895
2023;Octubre;PESOS;02;CONGRESO NACIONAL;10;VENTA DE ACTIVOS NO FINANCIEROS;0;960
2023;Octubre;PESOS;02;CONGRESO NACIONAL;12;RECUPERACIÓN DE PRÉSTAMOS;0;655.830
2023;Octubre;PESOS;02;CONGRESO NACIONAL;21;GASTOS EN PERSONAL;6.174.618;67.411.152
2023;Octubre;PESOS;02;CONGRESO NACIONAL;22;BIENES Y SERVICIOS DE CONSUMO;1.298.631;13.687.278
2023;Octubre;PESOS;02;CONGRESO NACIONAL;23;PRESTACIONES DE SEGURIDAD SOCIAL;0;751.351
2023;Octubre;PESOS;02;CONGRESO NACIONAL;24;TRANSFERENCIAS CORRIENTES;4.693.794;43.116.006
2023;Octubre;PESOS;02;CONGRESO NACIONAL;25;INTEGROS AL FISCO;12.235;87.663
2023;Octubre;PESOS;02;CONGRESO NACIONAL;29;ADQUISICIÓN DE ACTIVOS NO FINANCIEROS;290.051;1.895.673
2023;Octubre;PESOS;02;CONGRESO NACIONAL;34;SERVICIO DE LA DEUDA;0;1.146.102
2023;Octubre;PESOS;03;PODER JUDICIAL;05;TRANSFERENCIAS CORRIENTES;519.584;4.048.555
2023;Octubre;PESOS;03;PODER JUDICIAL;06;RENTAS DE LA PROPIEDAD;15.023;146.046
2023;Octubre;PESOS;03;PODER JUDICIAL;07;INGRESOS DE OPERACIÓN;1.301;5.393
2023;Octubre;PESOS;03;PODER JUDICIAL;08;OTROS INGRESOS CORRIENTES;2.260.628;76.326.781
2023;Octubre;PESOS;03;PODER JUDICIAL;09;APORTE FISCAL;58.527.094;596.587.612
2023;Octubre;PESOS;03;PODER JUDICIAL;12;RECUPERACIÓN DE PRÉSTAMOS;471.395;18.279.669
2023;Octubre;PESOS;03;PODER JUDICIAL;21;GASTOS EN PERSONAL;44.403.139;476.301.004
2023;Octubre;PESOS;03;PODER JUDICIAL;22;BIENES Y SERVICIOS DE CONSUMO;7.144.818;70.624.639
2023;Octubre;PESOS;03;PODER JUDICIAL;23;PRESTACIONES DE SEGURIDAD SOCIAL;0;5.063.404
2023;Octubre;PESOS;03;PODER JUDICIAL;24;TRANSFERENCIAS CORRIENTES;305.019;5.469.157
2023;Octubre;PESOS;03;PODER JUDICIAL;25;INTEGROS AL FISCO;0;47.683
2023;Octubre;PESOS;03;PODER JUDICIAL;29;ADQUISICIÓN DE ACTIVOS NO FINANCIEROS;422.374;1.211.987
2023;Octubre;PESOS;03;PODER JUDICIAL;31;INICIATIVAS DE INVERSIÓN;1.766.600;10.233.526
2023;Octubre;PESOS;03;PODER JUDICIAL;32;PRÉSTAMOS;12.568;47.932
2023;Octubre;PESOS;03;PODER JUDICIAL;34;SERVICIO DE LA DEUDA;0;1.766.335
2023;Octubre;PESOS;04;CONTRALORÍA GENERAL DE LA REPÚBLICA;08;OTROS INGRESOS CORRIENTES;318.890;2.536.525
2023;Octubre;PESOS;04;CONTRALORÍA GENERAL DE LA REPÚBLICA;09;APORTE FISCAL;9.469.923;88.905.970
2023;Octubre;PESOS;04;CONTRALORÍA GENERAL DE LA REPÚBLICA;12;RECUPERACIÓN DE PRÉSTAMOS;11.475;2.432.876
2023;Octubre;PESOS;04;CONTRALORÍA GENERAL DE LA REPÚBLICA;21;GASTOS EN PERSONAL;6.454.581;76.308.754
2023;Octubre;PESOS;04;CONTRALORÍA GENERAL DE LA REPÚBLICA;22;BIENES Y SERVICIOS DE CONSUMO;1.075.661;7.200.587
2023;Octubre;PESOS;04;CONTRALORÍA GENERAL DE LA REPÚBLICA;23;PRESTACIONES DE SEGURIDAD SOCIAL;1.331.708;1.331.708
2023;Octubre;PESOS;04;CONTRALORÍA GENERAL DE LA REPÚBLICA;24;TRANSFERENCIAS CORRIENTES;6.444;16.666
2023;Octubre;PESOS;04;CONTRALORÍA GENERAL DE LA REPÚBLICA;25;INTEGROS AL FISCO;34;449
2023;Octubre;PESOS;04;CONTRALORÍA GENERAL DE LA REPÚBLICA;29;ADQUISICIÓN DE ACTIVOS NO FINANCIEROS;112.302;569.794
2023;Octubre;PESOS;04;CONTRALORÍA GENERAL DE LA REPÚBLICA;31;INICIATIVAS DE INVERSIÓN;377;3.353.510
2023;Octubre;PESOS;04;CONTRALORÍA GENERAL DE LA REPÚBLICA;34;SERVICIO DE LA DEUDA;0;6.267.241
2023;Octubre;PESOS;05;MINISTERIO DEL INTERIOR Y SEGURIDAD PÚBLICA;05;TRANSFERENCIAS CORRIENTES;634.555;13.249.436
2023;Octubre;PESOS;05;MINISTERIO DEL INTERIOR Y SEGURIDAD PÚBLICA;06;RENTAS DE LA PROPIEDAD;27.523;84.515
2023;Octubre;PESOS;05;MINISTERIO DEL INTERIOR Y SEGURIDAD PÚBLICA;07;INGRESOS DE OPERACIÓN;6.466.386;61.480.380
2023;Octubre;PESOS;05;MINISTERIO DEL INTERIOR Y SEGURIDAD PÚBLICA;08;OTROS INGRESOS CORRIENTES;1.422.437;18.733.786
2023;Octubre;PESOS;05;MINISTERIO DEL INTERIOR Y SEGURIDAD PÚBLICA;09;APORTE FISCAL;238.556.989;2.331.999.244
2023;Octubre;PESOS;05;MINISTERIO DEL INTERIOR Y SEGURIDAD PÚBLICA;10;VENTA DE ACTIVOS NO FINANCIEROS;77.272;649.985
2023;Octubre;PESOS;05;MINISTERIO DEL INTERIOR Y SEGURIDAD PÚBLICA;12;RECUPERACIÓN DE PRÉSTAMOS;59.921;16.819.568
2023;Octubre;PESOS;05;MINISTERIO DEL INTERIOR Y SEGURIDAD PÚBLICA;13;TRANSFERENCIAS PARA GASTOS DE CAPITAL;0;4.423.670
2023;Octubre;PESOS;05;MINISTERIO DEL INTERIOR Y SEGURIDAD PÚBLICA;14;ENDEUDAMIENTO;0;7.845.415
2023;Octubre;PESOS;05;MINISTERIO DEL INTERIOR Y SEGURIDAD PÚBLICA;21;GASTOS EN PERSONAL;137.060.074;1.377.427.590
2023;Octubre;PESOS;05;MINISTERIO DEL INTERIOR Y SEGURIDAD PÚBLICA;22;BIENES Y SERVICIOS DE CONSUMO;25.184.951;202.253.707
2023;Octubre;PESOS;05;MINISTERIO DEL INTERIOR Y SEGURIDAD PÚBLICA;23;PRESTACIONES DE SEGURIDAD SOCIAL;1.301.778;8.577.647
2023;Octubre;PESOS;05;MINISTERIO DEL INTERIOR Y SEGURIDAD PÚBLICA;24;TRANSFERENCIAS CORRIENTES;18.470.562;309.893.176
2023;Octubre;PESOS;05;MINISTERIO DEL INTERIOR Y SEGURIDAD PÚBLICA;25;INTEGROS AL FISCO;1.850.746;19.249.687
2023;Octubre;PESOS;05;MINISTERIO DEL INTERIOR Y SEGURIDAD PÚBLICA;26;OTROS GASTOS CORRIENTES;87.969;342.454
2023;Octubre;PESOS;05;MINISTERIO DEL INTERIOR Y SEGURIDAD PÚBLICA;29;ADQUISICIÓN DE ACTIVOS NO FINANCIEROS;5.594.062;21.279.103
2023;Octubre;PESOS;05;MINISTERIO DEL INTERIOR Y SEGURIDAD PÚBLICA;31;INICIATIVAS DE INVERSIÓN;4.852.086;29.371.491
2023;Octubre;PESOS;05;MINISTERIO DEL INTERIOR Y SEGURIDAD PÚBLICA;32;PRÉSTAMOS;0;3.313.022
2023;Octubre;PESOS;05;MINISTERIO DEL INTERIOR Y SEGURIDAD PÚBLICA;33;TRANSFERENCIAS DE CAPITAL;49.747.802;253.617.348
2023;Octubre;PESOS;05;MINISTERIO DEL INTERIOR Y SEGURIDAD PÚBLICA;34;SERVICIO DE LA DEUDA;1.533.929;73.212.153
2023;Octubre;PESOS;06;MINISTERIO DE RELACIONES EXTERIORES;05;TRANSFERENCIAS CORRIENTES;472.395;9.826.865
2023;Octubre;PESOS;06;MINISTERIO DE RELACIONES EXTERIORES;07;INGRESOS DE OPERACIÓN;111.583;1.480.807
2023;Octubre;PESOS;06;MINISTERIO DE RELACIONES EXTERIORES;08;OTROS INGRESOS CORRIENTES;159.622;2.034.722
2023;Octubre;PESOS;06;MINISTERIO DE RELACIONES EXTERIORES;09;APORTE FISCAL;7.789.403;74.482.866
2023;Octubre;PESOS;06;MINISTERIO DE RELACIONES EXTERIORES;11;VENTA DE ACTIVOS FINANCIEROS;-591.622;-4.953.671
2023;Octubre;PESOS;06;MINISTERIO DE RELACIONES EXTERIORES;12;RECUPERACIÓN DE PRÉSTAMOS;0;864.247
2023;Octubre;PESOS;06;MINISTERIO DE RELACIONES EXTERIORES;21;GASTOS EN PERSONAL;4.328.614;50.485.448
2023;Octubre;PESOS;06;MINISTERIO DE RELACIONES EXTERIORES;22;BIENES Y SERVICIOS DE CONSUMO;639.961;6.857.608
2023;Octubre;PESOS;06;MINISTERIO DE RELACIONES EXTERIORES;23;PRESTACIONES DE SEGURIDAD SOCIAL;0;512.082
2023;Octubre;PESOS;06;MINISTERIO DE RELACIONES EXTERIORES;24;TRANSFERENCIAS CORRIENTES;1.094.602;15.982.334
2023;Octubre;PESOS;06;MINISTERIO DE RELACIONES EXTERIORES;25;INTEGROS AL FISCO;0;1.403.077
2023;Octubre;PESOS;06;MINISTERIO DE RELACIONES EXTERIORES;29;ADQUISICIÓN DE ACTIVOS NO FINANCIEROS;1.638.414;3.442.057
2023;Octubre;PESOS;06;MINISTERIO DE RELACIONES EXTERIORES;34;SERVICIO DE LA DEUDA;22.177;2.270.953
2023;Octubre;PESOS;07;MINISTERIO DE ECONOMÍA, FOMENTO Y TURISMO;05;TRANSFERENCIAS CORRIENTES;3.873.463;25.012.569
2023;Octubre;PESOS;07;MINISTERIO DE ECONOMÍA, FOMENTO Y TURISMO;06;RENTAS DE LA PROPIEDAD;591.035.263;3.179.322.987
2023;Octubre;PESOS;07;MINISTERIO DE ECONOMÍA, FOMENTO Y TURISMO;07;INGRESOS DE OPERACIÓN;794.995;9.555.115
2023;Octubre;PESOS;07;MINISTERIO DE ECONOMÍA, FOMENTO Y TURISMO;08;OTROS INGRESOS CORRIENTES;2.223.884;21.279.818
2023;Octubre;PESOS;07;MINISTERIO DE ECONOMÍA, FOMENTO Y TURISMO;09;APORTE FISCAL;32.802.587;258.766.155
2023;Octubre;PESOS;07;MINISTERIO DE ECONOMÍA, FOMENTO Y TURISMO;10;VENTA DE ACTIVOS NO FINANCIEROS;10.301;10.301
2023;Octubre;PESOS;07;MINISTERIO DE ECONOMÍA, FOMENTO Y TURISMO;11;VENTA DE ACTIVOS FINANCIEROS;232.827.424;503.124.957
2023;Octubre;PESOS;07;MINISTERIO DE ECONOMÍA, FOMENTO Y TURISMO;12;RECUPERACIÓN DE PRÉSTAMOS;6.905.958;77.449.946
2023;Octubre;PESOS;07;MINISTERIO DE ECONOMÍA, FOMENTO Y TURISMO;21;GASTOS EN PERSONAL;14.731.064;162.978.611
2023;Octubre;PESOS;07;MINISTERIO DE ECONOMÍA, FOMENTO Y TURISMO;22;BIENES Y SERVICIOS DE CONSUMO;4.485.143;35.704.932
2023;Octubre;PESOS;07;MINISTERIO DE ECONOMÍA, FOMENTO Y TURISMO;23;PRESTACIONES DE SEGURIDAD SOCIAL;133.426;2.682.678
2023;Octubre;PESOS;07;MINISTERIO DE ECONOMÍA, FOMENTO Y TURISMO;24;TRANSFERENCIAS CORRIENTES;26.516.179;182.137.179
2023;Octubre;PESOS;07;MINISTERIO DE ECONOMÍA, FOMENTO Y TURISMO;25;INTEGROS AL FISCO;213.267.575;2.024.358.261
2023;Octubre;PESOS;07;MINISTERIO DE ECONOMÍA, FOMENTO Y TURISMO;26;OTROS GASTOS CORRIENTES;0;466.330
2023;Octubre;PESOS;07;MINISTERIO DE ECONOMÍA, FOMENTO Y TURISMO;29;ADQUISICIÓN DE ACTIVOS NO FINANCIEROS;427.573;5.447.117
2023;Octubre;PESOS;07;MINISTERIO DE ECONOMÍA, FOMENTO Y TURISMO;30;ADQUISICIÓN DE ACTIVOS FINANCIEROS;-1;879.142.703
2023;Octubre;PESOS;07;MINISTERIO DE ECONOMÍA, FOMENTO Y TURISMO;31;INICIATIVAS DE INVERSIÓN;0;29.898
2023;Octubre;PESOS;07;MINISTERIO DE ECONOMÍA, FOMENTO Y TURISMO;32;PRÉSTAMOS;64.391.739;98.866.241
2023;Octubre;PESOS;07;MINISTERIO DE ECONOMÍA, FOMENTO Y TURISMO;33;TRANSFERENCIAS DE CAPITAL;72.474;2.846.876
2023;Octubre;PESOS;07;MINISTERIO DE ECONOMÍA, FOMENTO Y TURISMO;34;SERVICIO DE LA DEUDA;747.120;18.135.095
2023;Octubre;PESOS;08;MINISTERIO DE HACIENDA;05;TRANSFERENCIAS CORRIENTES;160.307;1.074.135
2023;Octubre;PESOS;08;MINISTERIO DE HACIENDA;06;RENTAS DE LA PROPIEDAD;77.084;1.479.605
2023;Octubre;PESOS;08;MINISTERIO DE HACIENDA;07;INGRESOS DE OPERACIÓN;299.529;3.301.700
2023;Octubre;PESOS;08;MINISTERIO DE HACIENDA;08;OTROS INGRESOS CORRIENTES;2.218.817;118.790.208
2023;Octubre;PESOS;08;MINISTERIO DE HACIENDA;09;APORTE FISCAL;39.738.906;485.863.101
2023;Octubre;PESOS;08;MINISTERIO DE HACIENDA;10;VENTA DE ACTIVOS NO FINANCIEROS;0;13.462
2023;Octubre;PESOS;08;MINISTERIO DE HACIENDA;11;VENTA DE ACTIVOS FINANCIEROS;0;259
2023;Octubre;PESOS;08;MINISTERIO DE HACIENDA;12;RECUPERACIÓN DE PRÉSTAMOS;6.553;4.110.178
2023;Octubre;PESOS;08;MINISTERIO DE HACIENDA;13;TRANSFERENCIAS PARA GASTOS DE CAPITAL;0;166.421
2023;Octubre;PESOS;08;MINISTERIO DE HACIENDA;14;ENDEUDAMIENTO;667.058;1.930.088
2023;Octubre;PESOS;08;MINISTERIO DE HACIENDA;21;GASTOS EN PERSONAL;33.118.033;414.752.030
2023;Octubre;PESOS;08;MINISTERIO DE HACIENDA;22;BIENES Y SERVICIOS DE CONSUMO;7.837.833;64.763.288
2023;Octubre;PESOS;08;MINISTERIO DE HACIENDA;23;PRESTACIONES DE SEGURIDAD SOCIAL;641.740;5.942.308
2023;Octubre;PESOS;08;MINISTERIO DE HACIENDA;24;TRANSFERENCIAS CORRIENTES;2.020.494;13.457.640
2023;Octubre;PESOS;08;MINISTERIO DE HACIENDA;25;INTEGROS AL FISCO;1.399.142;67.391.385
2023;Octubre;PESOS;08;MINISTERIO DE HACIENDA;26;OTROS GASTOS CORRIENTES;0;19.640
2023;Octubre;PESOS;08;MINISTERIO DE HACIENDA;29;ADQUISICIÓN DE ACTIVOS NO FINANCIEROS;3.542.155;14.987.969
2023;Octubre;PESOS;08;MINISTERIO DE HACIENDA;31;INICIATIVAS DE INVERSIÓN;595.155;3.376.050
2023;Octubre;PESOS;08;MINISTERIO DE HACIENDA;34;SERVICIO DE LA DEUDA;182.045;23.021.110
2023;Octubre;PESOS;09;MINISTERIO DE EDUCACIÓN;05;TRANSFERENCIAS CORRIENTES;6.618.381;43.032.002
2023;Octubre;PESOS;09;MINISTERIO DE EDUCACIÓN;06;RENTAS DE LA PROPIEDAD;1.109;7.057
2023;Octubre;PESOS;09;MINISTERIO DE EDUCACIÓN;07;INGRESOS DE OPERACIÓN;1.241;1.276.193
2023;Octubre;PESOS;09;MINISTERIO DE EDUCACIÓN;08;OTROS INGRESOS CORRIENTES;6.834.544;67.720.216
2023;Octubre;PESOS;09;MINISTERIO DE EDUCACIÓN;09;APORTE FISCAL;1.118.234.953;11.317.163.462
2023;Octubre;PESOS;09;MINISTERIO DE EDUCACIÓN;10;VENTA DE ACTIVOS NO FINANCIEROS;0;57.586
2023;Octubre;PESOS;09;MINISTERIO DE EDUCACIÓN;12;RECUPERACIÓN DE PRÉSTAMOS;12.629.402;206.848.654
2023;Octubre;PESOS;09;MINISTERIO DE EDUCACIÓN;14;ENDEUDAMIENTO;0;8.059.837
2023;Octubre;PESOS;09;MINISTERIO DE EDUCACIÓN;21;GASTOS EN PERSONAL;80.563.251;881.503.378
2023;Octubre;PESOS;09;MINISTERIO DE EDUCACIÓN;22;BIENES Y SERVICIOS DE CONSUMO;12.999.998;114.322.190
2023;Octubre;PESOS;09;MINISTERIO DE EDUCACIÓN;23;PRESTACIONES DE SEGURIDAD SOCIAL;923.872;22.994.574
2023;Octubre;PESOS;09;MINISTERIO DE EDUCACIÓN;24;TRANSFERENCIAS CORRIENTES;918.566.994;9.549.820.809
2023;Octubre;PESOS;09;MINISTERIO DE EDUCACIÓN;25;INTEGROS AL FISCO;480.815;124.880.134
2023;Octubre;PESOS;09;MINISTERIO DE EDUCACIÓN;26;OTROS GASTOS CORRIENTES;149.091;2.800.921
2023;Octubre;PESOS;09;MINISTERIO DE EDUCACIÓN;29;ADQUISICIÓN DE ACTIVOS NO FINANCIEROS;1.641.174;7.929.351
2023;Octubre;PESOS;09;MINISTERIO DE EDUCACIÓN;30;ADQUISICIÓN DE ACTIVOS FINANCIEROS;1.937.207;23.002.747
2023;Octubre;PESOS;09;MINISTERIO DE EDUCACIÓN;31;INICIATIVAS DE INVERSIÓN;3.771.977;29.144.916
2023;Octubre;PESOS;09;MINISTERIO DE EDUCACIÓN;33;TRANSFERENCIAS DE CAPITAL;25.242.641;190.967.366
2023;Octubre;PESOS;09;MINISTERIO DE EDUCACIÓN;34;SERVICIO DE LA DEUDA;29.948.763;1.181.885.281
2023;Octubre;PESOS;10;MINISTERIO DE JUSTICIA Y DERECHOS HUMANOS;05;TRANSFERENCIAS CORRIENTES;1.274.736;10.329.079
2023;Octubre;PESOS;10;MINISTERIO DE JUSTICIA Y DERECHOS HUMANOS;06;RENTAS DE LA PROPIEDAD;3.297;23.941
2023;Octubre;PESOS;10;MINISTERIO DE JUSTICIA Y DERECHOS HUMANOS;07;INGRESOS DE OPERACIÓN;17.443.137;169.696.195
2023;Octubre;PESOS;10;MINISTERIO DE JUSTICIA Y DERECHOS HUMANOS;08;OTROS INGRESOS CORRIENTES;1.134.429;14.391.174
2023;Octubre;PESOS;10;MINISTERIO DE JUSTICIA Y DERECHOS HUMANOS;09;APORTE FISCAL;72.030.175;925.451.644
2023;Octubre;PESOS;10;MINISTERIO DE JUSTICIA Y DERECHOS HUMANOS;10;VENTA DE ACTIVOS NO FINANCIEROS;4.868;73.862
2023;Octubre;PESOS;10;MINISTERIO DE JUSTICIA Y DERECHOS HUMANOS;12;RECUPERACIÓN DE PRÉSTAMOS;5.139;52.548.787
2023;Octubre;PESOS;10;MINISTERIO DE JUSTICIA Y DERECHOS HUMANOS;13;TRANSFERENCIAS PARA GASTOS DE CAPITAL;0;4.252.000
2023;Octubre;PESOS;10;MINISTERIO DE JUSTICIA Y DERECHOS HUMANOS;21;GASTOS EN PERSONAL;46.955.422;584.068.260
2023;Octubre;PESOS;10;MINISTERIO DE JUSTICIA Y DERECHOS HUMANOS;22;BIENES Y SERVICIOS DE CONSUMO;12.180.996;331.508.863
2023;Octubre;PESOS;10;MINISTERIO DE JUSTICIA Y DERECHOS HUMANOS;23;PRESTACIONES DE SEGURIDAD SOCIAL;219.491;18.086.976
2023;Octubre;PESOS;10;MINISTERIO DE JUSTICIA Y DERECHOS HUMANOS;24;TRANSFERENCIAS CORRIENTES;13.282.532;134.609.365
2023;Octubre;PESOS;10;MINISTERIO DE JUSTICIA Y DERECHOS HUMANOS;25;INTEGROS AL FISCO;1.021.106;16.072.780
2023;Octubre;PESOS;10;MINISTERIO DE JUSTICIA Y DERECHOS HUMANOS;29;ADQUISICIÓN DE ACTIVOS NO FINANCIEROS;572.457;1.996.452
2023;Octubre;PESOS;10;MINISTERIO DE JUSTICIA Y DERECHOS HUMANOS;31;INICIATIVAS DE INVERSIÓN;1.230.104;11.116.162
2023;Octubre;PESOS;10;MINISTERIO DE JUSTICIA Y DERECHOS HUMANOS;34;SERVICIO DE LA DEUDA;0;68.773.887
2023;Octubre;PESOS;11;MINISTERIO DE DEFENSA NACIONAL;05;TRANSFERENCIAS CORRIENTES;139.672;1.585.973
2023;Octubre;PESOS;11;MINISTERIO DE DEFENSA NACIONAL;06;RENTAS DE LA PROPIEDAD;2.970.093;21.261.674
2023;Octubre;PESOS;11;MINISTERIO DE DEFENSA NACIONAL;07;INGRESOS DE OPERACIÓN;55.982.944;542.336.450
2023;Octubre;PESOS;11;MINISTERIO DE DEFENSA NACIONAL;08;OTROS INGRESOS CORRIENTES;5.280.289;49.215.666
2023;Octubre;PESOS;11;MINISTERIO DE DEFENSA NACIONAL;09;APORTE FISCAL;118.158.801;1.180.109.792
2023;Octubre;PESOS;11;MINISTERIO DE DEFENSA NACIONAL;10;VENTA DE ACTIVOS NO FINANCIEROS;2.750;15.160
2023;Octubre;PESOS;11;MINISTERIO DE DEFENSA NACIONAL;11;VENTA DE ACTIVOS FINANCIEROS;-396.600;-6.344.049
2023;Octubre;PESOS;11;MINISTERIO DE DEFENSA NACIONAL;12;RECUPERACIÓN DE PRÉSTAMOS;-137.011;62.889.000
2023;Octubre;PESOS;11;MINISTERIO DE DEFENSA NACIONAL;21;GASTOS EN PERSONAL;122.236.561;1.273.584.376
2023;Octubre;PESOS;11;MINISTERIO DE DEFENSA NACIONAL;22;BIENES Y SERVICIOS DE CONSUMO;21.115.522;220.680.243
2023;Octubre;PESOS;11;MINISTERIO DE DEFENSA NACIONAL;23;PRESTACIONES DE SEGURIDAD SOCIAL;539.911;4.460.167
2023;Octubre;PESOS;11;MINISTERIO DE DEFENSA NACIONAL;24;TRANSFERENCIAS CORRIENTES;1.989.116;18.871.979
2023;Octubre;PESOS;11;MINISTERIO DE DEFENSA NACIONAL;25;INTEGROS AL FISCO;210.275;41.038.894
2023;Octubre;PESOS;11;MINISTERIO DE DEFENSA NACIONAL;26;OTROS GASTOS CORRIENTES;464;7.797
2023;Octubre;PESOS;11;MINISTERIO DE DEFENSA NACIONAL;29;ADQUISICIÓN DE ACTIVOS NO FINANCIEROS;942.989;10.572.782
2023;Octubre;PESOS;11;MINISTERIO DE DEFENSA NACIONAL;31;INICIATIVAS DE INVERSIÓN;101.404;3.508.079
2023;Octubre;PESOS;11;MINISTERIO DE DEFENSA NACIONAL;32;PRÉSTAMOS;35.940;2.300.710
2023;Octubre;PESOS;11;MINISTERIO DE DEFENSA NACIONAL;33;TRANSFERENCIAS DE CAPITAL;2.039.096;23.071.361
2023;Octubre;PESOS;11;MINISTERIO DE DEFENSA NACIONAL;34;SERVICIO DE LA DEUDA;-517;29.389.149
2023;Octubre;PESOS;12;MINISTERIO DE OBRAS PÚBLICAS;05;TRANSFERENCIAS CORRIENTES;93.924;1.420.968
2023;Octubre;PESOS;12;MINISTERIO DE OBRAS PÚBLICAS;06;RENTAS DE LA PROPIEDAD;21.147;205.766
2023;Octubre;PESOS;12;MINISTERIO DE OBRAS PÚBLICAS;07;INGRESOS DE OPERACIÓN;658.600;42.370.973
2023;Octubre;PESOS;12;MINISTERIO DE OBRAS PÚBLICAS;08;OTROS INGRESOS CORRIENTES;6.373.624;37.998.525
2023;Octubre;PESOS;12;MINISTERIO DE OBRAS PÚBLICAS;09;APORTE FISCAL;241.466.558;1.896.058.577
2023;Octubre;PESOS;12;MINISTERIO DE OBRAS PÚBLICAS;10;VENTA DE ACTIVOS NO FINANCIEROS;0;183.587
2023;Octubre;PESOS;12;MINISTERIO DE OBRAS PÚBLICAS;12;RECUPERACIÓN DE PRÉSTAMOS;880.247;17.925.881
2023;Octubre;PESOS;12;MINISTERIO DE OBRAS PÚBLICAS;13;TRANSFERENCIAS PARA GASTOS DE CAPITAL;55.188.200;384.615.610
2023;Octubre;PESOS;12;MINISTERIO DE OBRAS PÚBLICAS;21;GASTOS EN PERSONAL;20.036.113;232.200.976
2023;Octubre;PESOS;12;MINISTERIO DE OBRAS PÚBLICAS;22;BIENES Y SERVICIOS DE CONSUMO;2.031.838;20.439.875
2023;Octubre;PESOS;12;MINISTERIO DE OBRAS PÚBLICAS;23;PRESTACIONES DE SEGURIDAD SOCIAL;121.520;7.054.216
2023;Octubre;PESOS;12;MINISTERIO DE OBRAS PÚBLICAS;24;TRANSFERENCIAS CORRIENTES;212.149;1.437.832
2023;Octubre;PESOS;12;MINISTERIO DE OBRAS PÚBLICAS;25;INTEGROS AL FISCO;2.814;217.779
2023;Octubre;PESOS;12;MINISTERIO DE OBRAS PÚBLICAS;26;OTROS GASTOS CORRIENTES;179.385;1.627.973
2023;Octubre;PESOS;12;MINISTERIO DE OBRAS PÚBLICAS;29;ADQUISICIÓN DE ACTIVOS NO FINANCIEROS;728.676;5.812.922
2023;Octubre;PESOS;12;MINISTERIO DE OBRAS PÚBLICAS;31;INICIATIVAS DE INVERSIÓN;175.674.053;1.648.448.006
2023;Octubre;PESOS;12;MINISTERIO DE OBRAS PÚBLICAS;33;TRANSFERENCIAS DE CAPITAL;41.330.496;423.239.069
2023;Octubre;PESOS;12;MINISTERIO DE OBRAS PÚBLICAS;34;SERVICIO DE LA DEUDA;0;346.279.832
2023;Octubre;PESOS;13;MINISTERIO DE AGRICULTURA;05;TRANSFERENCIAS CORRIENTES;1.040.712;8.181.928
2023;Octubre;PESOS;13;MINISTERIO DE AGRICULTURA;06;RENTAS DE LA PROPIEDAD;85.894;1.660.649
2023;Octubre;PESOS;13;MINISTERIO DE AGRICULTURA;07;INGRESOS DE OPERACIÓN;4.439.781;43.143.818
2023;Octubre;PESOS;13;MINISTERIO DE AGRICULTURA;08;OTROS INGRESOS CORRIENTES;1.756.104;6.599.625
2023;Octubre;PESOS;13;MINISTERIO DE AGRICULTURA;09;APORTE FISCAL;55.903.523;674.356.678
2023;Octubre;PESOS;13;MINISTERIO DE AGRICULTURA;10;VENTA DE ACTIVOS NO FINANCIEROS;9.803;18.174
2023;Octubre;PESOS;13;MINISTERIO DE AGRICULTURA;12;RECUPERACIÓN DE PRÉSTAMOS;4.560.572;87.672.263
2023;Octubre;PESOS;13;MINISTERIO DE AGRICULTURA;13;TRANSFERENCIAS PARA GASTOS DE CAPITAL;0;5.577.528
2023;Octubre;PESOS;13;MINISTERIO DE AGRICULTURA;21;GASTOS EN PERSONAL;21.195.744;241.876.258
2023;Octubre;PESOS;13;MINISTERIO DE AGRICULTURA;22;BIENES Y SERVICIOS DE CONSUMO;21.225.219;119.653.911
2023;Octubre;PESOS;13;MINISTERIO DE AGRICULTURA;23;PRESTACIONES DE SEGURIDAD SOCIAL;2.634.141;6.136.159
2023;Octubre;PESOS;13;MINISTERIO DE AGRICULTURA;24;TRANSFERENCIAS CORRIENTES;16.021.265;178.942.964
2023;Octubre;PESOS;13;MINISTERIO DE AGRICULTURA;25;INTEGROS AL FISCO;452.837;7.294.868
2023;Octubre;PESOS;13;MINISTERIO DE AGRICULTURA;26;OTROS GASTOS CORRIENTES;19.005;179.326
2023;Octubre;PESOS;13;MINISTERIO DE AGRICULTURA;29;ADQUISICIÓN DE ACTIVOS NO FINANCIEROS;200.215;4.630.107
2023;Octubre;PESOS;13;MINISTERIO DE AGRICULTURA;31;INICIATIVAS DE INVERSIÓN;703.925;3.166.307
2023;Octubre;PESOS;13;MINISTERIO DE AGRICULTURA;32;PRÉSTAMOS;6.254.119;99.769.725
2023;Octubre;PESOS;13;MINISTERIO DE AGRICULTURA;33;TRANSFERENCIAS DE CAPITAL;18.006.805;151.410.783
2023;Octubre;PESOS;13;MINISTERIO DE AGRICULTURA;34;SERVICIO DE LA DEUDA;0;31.524.483
2023;Octubre;PESOS;14;MINISTERIO DE BIENES NACIONALES;05;TRANSFERENCIAS CORRIENTES;92;414.338
2023;Octubre;PESOS;14;MINISTERIO DE BIENES NACIONALES;06;RENTAS DE LA PROPIEDAD;3.031.390;62.271.827
2023;Octubre;PESOS;14;MINISTERIO DE BIENES NACIONALES;08;OTROS INGRESOS CORRIENTES;231.501;3.175.267
2023;Octubre;PESOS;14;MINISTERIO DE BIENES NACIONALES;09;APORTE FISCAL;0;592.815
2023;Octubre;PESOS;14;MINISTERIO DE BIENES NACIONALES;10;VENTA DE ACTIVOS NO FINANCIEROS;207.850;8.247.085
2023;Octubre;PESOS;14;MINISTERIO DE BIENES NACIONALES;12;RECUPERACIÓN DE PRÉSTAMOS;8.278;6.384.107
2023;Octubre;PESOS;14;MINISTERIO DE BIENES NACIONALES;21;GASTOS EN PERSONAL;1.604.373;18.881.090
2023;Octubre;PESOS;14;MINISTERIO DE BIENES NACIONALES;22;BIENES Y SERVICIOS DE CONSUMO;336.078;3.436.142
2023;Octubre;PESOS;14;MINISTERIO DE BIENES NACIONALES;23;PRESTACIONES DE SEGURIDAD SOCIAL;0;473.279
2023;Octubre;PESOS;14;MINISTERIO DE BIENES NACIONALES;24;TRANSFERENCIAS CORRIENTES;55.926;481.763
2023;Octubre;PESOS;14;MINISTERIO DE BIENES NACIONALES;25;INTEGROS AL FISCO;1.181.661;21.412.254
2023;Octubre;PESOS;14;MINISTERIO DE BIENES NACIONALES;26;OTROS GASTOS CORRIENTES;6.604;6.604
2023;Octubre;PESOS;14;MINISTERIO DE BIENES NACIONALES;29;ADQUISICIÓN DE ACTIVOS NO FINANCIEROS;654;299.981
2023;Octubre;PESOS;14;MINISTERIO DE BIENES NACIONALES;32;PRÉSTAMOS;0;115.906
2023;Octubre;PESOS;14;MINISTERIO DE BIENES NACIONALES;33;TRANSFERENCIAS DE CAPITAL;3.292.671;42.435.682
2023;Octubre;PESOS;14;MINISTERIO DE BIENES NACIONALES;34;SERVICIO DE LA DEUDA;0;1.046.237
2023;Octubre;PESOS;15;MINISTERIO DEL TRABAJO Y PREVISIÓN SOCIAL;04;IMPOSICIONES PREVISIONALES;50.346.690;506.610.531
2023;Octubre;PESOS;15;MINISTERIO DEL TRABAJO Y PREVISIÓN SOCIAL;05;TRANSFERENCIAS CORRIENTES;4.375.685;46.866.043
2023;Octubre;PESOS;15;MINISTERIO DEL TRABAJO Y PREVISIÓN SOCIAL;06;RENTAS DE LA PROPIEDAD;880.927;12.428.778
2023;Octubre;PESOS;15;MINISTERIO DEL TRABAJO Y PREVISIÓN SOCIAL;07;INGRESOS DE OPERACIÓN;497.773;4.358.464
2023;Octubre;PESOS;15;MINISTERIO DEL TRABAJO Y PREVISIÓN SOCIAL;08;OTROS INGRESOS CORRIENTES;7.526.885;88.910.920
2023;Octubre;PESOS;15;MINISTERIO DEL TRABAJO Y PREVISIÓN SOCIAL;09;APORTE FISCAL;1.091.836.540;11.710.268.014
2023;Octubre;PESOS;15;MINISTERIO DEL TRABAJO Y PREVISIÓN SOCIAL;10;VENTA DE ACTIVOS NO FINANCIEROS;0;15.725
2023;Octubre;PESOS;15;MINISTERIO DEL TRABAJO Y PREVISIÓN SOCIAL;11;VENTA DE ACTIVOS FINANCIEROS;0;146.824.337
2023;Octubre;PESOS;15;MINISTERIO DEL TRABAJO Y PREVISIÓN SOCIAL;12;RECUPERACIÓN DE PRÉSTAMOS;11.119.785;104.015.296
2023;Octubre;PESOS;15;MINISTERIO DEL TRABAJO Y PREVISIÓN SOCIAL;21;GASTOS EN PERSONAL;17.184.747;207.795.695
2023;Octubre;PESOS;15;MINISTERIO DEL TRABAJO Y PREVISIÓN SOCIAL;22;BIENES Y SERVICIOS DE CONSUMO;12.584.085;118.886.431
2023;Octubre;PESOS;15;MINISTERIO DEL TRABAJO Y PREVISIÓN SOCIAL;23;PRESTACIONES DE SEGURIDAD SOCIAL;984.225.929;10.092.914.007
2023;Octubre;PESOS;15;MINISTERIO DEL TRABAJO Y PREVISIÓN SOCIAL;24;TRANSFERENCIAS CORRIENTES;137.705.407;1.760.212.083
2023;Octubre;PESOS;15;MINISTERIO DEL TRABAJO Y PREVISIÓN SOCIAL;25;INTEGROS AL FISCO;1.236.078;7.135.774
2023;Octubre;PESOS;15;MINISTERIO DEL TRABAJO Y PREVISIÓN SOCIAL;26;OTROS GASTOS CORRIENTES;28.176;2.859.413
2023;Octubre;PESOS;15;MINISTERIO DEL TRABAJO Y PREVISIÓN SOCIAL;29;ADQUISICIÓN DE ACTIVOS NO FINANCIEROS;325.918;2.947.583
2023;Octubre;PESOS;15;MINISTERIO DEL TRABAJO Y PREVISIÓN SOCIAL;30;ADQUISICIÓN DE ACTIVOS FINANCIEROS;0;30.000.000
2023;Octubre;PESOS;15;MINISTERIO DEL TRABAJO Y PREVISIÓN SOCIAL;32;PRÉSTAMOS;4.974.082;112.458.314
2023;Octubre;PESOS;15;MINISTERIO DEL TRABAJO Y PREVISIÓN SOCIAL;34;SERVICIO DE LA DEUDA;26.371.986;67.369.133
2023;Octubre;PESOS;16;MINISTERIO DE SALUD;04;IMPOSICIONES PREVISIONALES;219.885.424;2.146.460.241
2023;Octubre;PESOS;16;MINISTERIO DE SALUD;05;TRANSFERENCIAS CORRIENTES;35.461.520;281.125.752
2023;Octubre;PESOS;16;MINISTERIO DE SALUD;06;RENTAS DE LA PROPIEDAD;68.634;823.523
2023;Octubre;PESOS;16;MINISTERIO DE SALUD;07;INGRESOS DE OPERACIÓN;15.925.621;159.762.125
2023;Octubre;PESOS;16;MINISTERIO DE SALUD;08;OTROS INGRESOS CORRIENTES;13.634.230;147.757.161
2023;Octubre;PESOS;16;MINISTERIO DE SALUD;09;APORTE FISCAL;1.054.346.486;9.487.425.702
2023;Octubre;PESOS;16;MINISTERIO DE SALUD;12;RECUPERACIÓN DE PRÉSTAMOS;-407.854;834.931.833
2023;Octubre;PESOS;16;MINISTERIO DE SALUD;13;TRANSFERENCIAS PARA GASTOS DE CAPITAL;0;9.594.330
2023;Octubre;PESOS;16;MINISTERIO DE SALUD;21;GASTOS EN PERSONAL;382.755.544;4.341.270.625
2023;Octubre;PESOS;16;MINISTERIO DE SALUD;22;BIENES Y SERVICIOS DE CONSUMO;285.841.585;2.743.995.568
2023;Octubre;PESOS;16;MINISTERIO DE SALUD;23;PRESTACIONES DE SEGURIDAD SOCIAL;112.463.534;1.093.386.883
2023;Octubre;PESOS;16;MINISTERIO DE SALUD;24;TRANSFERENCIAS CORRIENTES;330.218.084;3.032.786.748
2023;Octubre;PESOS;16;MINISTERIO DE SALUD;25;INTEGROS AL FISCO;6.647.094;196.505.406
2023;Octubre;PESOS;16;MINISTERIO DE SALUD;26;OTROS GASTOS CORRIENTES;2.229.362;31.055.587
2023;Octubre;PESOS;16;MINISTERIO DE SALUD;29;ADQUISICIÓN DE ACTIVOS NO FINANCIEROS;3.519.524;21.645.626
2023;Octubre;PESOS;16;MINISTERIO DE SALUD;31;INICIATIVAS DE INVERSIÓN;28.424.325;260.057.269
2023;Octubre;PESOS;16;MINISTERIO DE SALUD;32;PRÉSTAMOS;16.255.147;48.513.455
2023;Octubre;PESOS;16;MINISTERIO DE SALUD;33;TRANSFERENCIAS DE CAPITAL;0;101.908.296
2023;Octubre;PESOS;16;MINISTERIO DE SALUD;34;SERVICIO DE LA DEUDA;-17.428;508.164.823
2023;Octubre;PESOS;17;MINISTERIO DE MINERÍA;05;TRANSFERENCIAS CORRIENTES;1.957;546.973
2023;Octubre;PESOS;17;MINISTERIO DE MINERÍA;07;INGRESOS DE OPERACIÓN;203.377;524.252
2023;Octubre;PESOS;17;MINISTERIO DE MINERÍA;08;OTROS INGRESOS CORRIENTES;50.687;719.037
2023;Octubre;PESOS;17;MINISTERIO DE MINERÍA;09;APORTE FISCAL;3.628.362;38.333.246
2023;Octubre;PESOS;17;MINISTERIO DE MINERÍA;12;RECUPERACIÓN DE PRÉSTAMOS;-5.526;236.965
2023;Octubre;PESOS;17;MINISTERIO DE MINERÍA;21;GASTOS EN PERSONAL;1.792.783;22.088.686
2023;Octubre;PESOS;17;MINISTERIO DE MINERÍA;22;BIENES Y SERVICIOS DE CONSUMO;461.623;4.781.660
2023;Octubre;PESOS;17;MINISTERIO DE MINERÍA;23;PRESTACIONES DE SEGURIDAD SOCIAL;0;230.454
2023;Octubre;PESOS;17;MINISTERIO DE MINERÍA;24;TRANSFERENCIAS CORRIENTES;605.383;8.419.745
2023;Octubre;PESOS;17;MINISTERIO DE MINERÍA;25;INTEGROS AL FISCO;31.182;484.401
2023;Octubre;PESOS;17;MINISTERIO DE MINERÍA;29;ADQUISICIÓN DE ACTIVOS NO FINANCIEROS;14.991;399.184
2023;Octubre;PESOS;17;MINISTERIO DE MINERÍA;33;TRANSFERENCIAS DE CAPITAL;0;1.483.273
2023;Octubre;PESOS;17;MINISTERIO DE MINERÍA;34;SERVICIO DE LA DEUDA;0;3.418.919
2023;Octubre;PESOS;18;MINISTERIO DE VIVIENDA Y URBANISMO;05;TRANSFERENCIAS CORRIENTES;57.082;570.831
2023;Octubre;PESOS;18;MINISTERIO DE VIVIENDA Y URBANISMO;06;RENTAS DE LA PROPIEDAD;87.333;919.996
2023;Octubre;PESOS;18;MINISTERIO DE VIVIENDA Y URBANISMO;07;INGRESOS DE OPERACIÓN;381.528;4.484.828
2023;Octubre;PESOS;18;MINISTERIO DE VIVIENDA Y URBANISMO;08;OTROS INGRESOS CORRIENTES;1.230.272;29.570.024
2023;Octubre;PESOS;18;MINISTERIO DE VIVIENDA Y URBANISMO;09;APORTE FISCAL;234.161.837;2.680.213.152
2023;Octubre;PESOS;18;MINISTERIO DE VIVIENDA Y URBANISMO;12;RECUPERACIÓN DE PRÉSTAMOS;38.038.485;423.456.790
2023;Octubre;PESOS;18;MINISTERIO DE VIVIENDA Y URBANISMO;13;TRANSFERENCIAS PARA GASTOS DE CAPITAL;165.963;5.893.592
2023;Octubre;PESOS;18;MINISTERIO DE VIVIENDA Y URBANISMO;21;GASTOS EN PERSONAL;12.619.326;153.548.235
2023;Octubre;PESOS;18;MINISTERIO DE VIVIENDA Y URBANISMO;22;BIENES Y SERVICIOS DE CONSUMO;2.186.327;17.367.732
2023;Octubre;PESOS;18;MINISTERIO DE VIVIENDA Y URBANISMO;23;PRESTACIONES DE SEGURIDAD SOCIAL;382.942;1.950.702
2023;Octubre;PESOS;18;MINISTERIO DE VIVIENDA Y URBANISMO;24;TRANSFERENCIAS CORRIENTES;0;543.918
2023;Octubre;PESOS;18;MINISTERIO DE VIVIENDA Y URBANISMO;25;INTEGROS AL FISCO;733.351;2.777.637
2023;Octubre;PESOS;18;MINISTERIO DE VIVIENDA Y URBANISMO;26;OTROS GASTOS CORRIENTES;443.203;6.735.968
2023;Octubre;PESOS;18;MINISTERIO DE VIVIENDA Y URBANISMO;29;ADQUISICIÓN DE ACTIVOS NO FINANCIEROS;173.114;6.101.889
2023;Octubre;PESOS;18;MINISTERIO DE VIVIENDA Y URBANISMO;31;INICIATIVAS DE INVERSIÓN;24.499.561;243.066.344
2023;Octubre;PESOS;18;MINISTERIO DE VIVIENDA Y URBANISMO;32;PRÉSTAMOS;77.795.610;716.395.254
2023;Octubre;PESOS;18;MINISTERIO DE VIVIENDA Y URBANISMO;33;TRANSFERENCIAS DE CAPITAL;181.519.924;2.024.875.714
2023;Octubre;PESOS;18;MINISTERIO DE VIVIENDA Y URBANISMO;34;SERVICIO DE LA DEUDA;0;26.577.009
2023;Octubre;PESOS;19;MINISTERIO DE TRANSPORTES Y TELECOMUNICACIONES;05;TRANSFERENCIAS CORRIENTES;2.366.819;14.126.073
2023;Octubre;PESOS;19;MINISTERIO DE TRANSPORTES Y TELECOMUNICACIONES;07;INGRESOS DE OPERACIÓN;102.886;1.018.711
2023;Octubre;PESOS;19;MINISTERIO DE TRANSPORTES Y TELECOMUNICACIONES;08;OTROS INGRESOS CORRIENTES;394.398;1.960.812
2023;Octubre;PESOS;19;MINISTERIO DE TRANSPORTES Y TELECOMUNICACIONES;09;APORTE FISCAL;109.973.238;1.174.360.107
2023;Octubre;PESOS;19;MINISTERIO DE TRANSPORTES Y TELECOMUNICACIONES;10;VENTA DE ACTIVOS NO FINANCIEROS;0;28.712
2023;Octubre;PESOS;19;MINISTERIO DE TRANSPORTES Y TELECOMUNICACIONES;12;RECUPERACIÓN DE PRÉSTAMOS;0;57.450
2023;Octubre;PESOS;19;MINISTERIO DE TRANSPORTES Y TELECOMUNICACIONES;21;GASTOS EN PERSONAL;3.832.683;42.945.387
2023;Octubre;PESOS;19;MINISTERIO DE TRANSPORTES Y TELECOMUNICACIONES;22;BIENES Y SERVICIOS DE CONSUMO;1.196.004;10.174.350
2023;Octubre;PESOS;19;MINISTERIO DE TRANSPORTES Y TELECOMUNICACIONES;23;PRESTACIONES DE SEGURIDAD SOCIAL;72.254;557.956
2023;Octubre;PESOS;19;MINISTERIO DE TRANSPORTES Y TELECOMUNICACIONES;24;TRANSFERENCIAS CORRIENTES;96.926.007;1.041.914.977
2023;Octubre;PESOS;19;MINISTERIO DE TRANSPORTES Y TELECOMUNICACIONES;25;INTEGROS AL FISCO;14.914;10.444.409
2023;Octubre;PESOS;19;MINISTERIO DE TRANSPORTES Y TELECOMUNICACIONES;26;OTROS GASTOS CORRIENTES;0;898
2023;Octubre;PESOS;19;MINISTERIO DE TRANSPORTES Y TELECOMUNICACIONES;29;ADQUISICIÓN DE ACTIVOS NO FINANCIEROS;316.705;916.447
2023;Octubre;PESOS;19;MINISTERIO DE TRANSPORTES Y TELECOMUNICACIONES;31;INICIATIVAS DE INVERSIÓN;4.653.946;22.058.163
2023;Octubre;PESOS;19;MINISTERIO DE TRANSPORTES Y TELECOMUNICACIONES;33;TRANSFERENCIAS DE CAPITAL;4.231.768;5.015.187
2023;Octubre;PESOS;19;MINISTERIO DE TRANSPORTES Y TELECOMUNICACIONES;34;SERVICIO DE LA DEUDA;-39.139;62.273.892
2023;Octubre;PESOS;20;MINISTERIO SECRETARÍA GENERAL DE GOBIERNO;05;TRANSFERENCIAS CORRIENTES;0;4.582.763
2023;Octubre;PESOS;20;MINISTERIO SECRETARÍA GENERAL DE GOBIERNO;08;OTROS INGRESOS CORRIENTES;18.680;394.660
2023;Octubre;PESOS;20;MINISTERIO SECRETARÍA GENERAL DE GOBIERNO;09;APORTE FISCAL;2.524.139;31.438.831
2023;Octubre;PESOS;20;MINISTERIO SECRETARÍA GENERAL DE GOBIERNO;10;VENTA DE ACTIVOS NO FINANCIEROS;0;9.019
2023;Octubre;PESOS;20;MINISTERIO SECRETARÍA GENERAL DE GOBIERNO;21;GASTOS EN PERSONAL;1.251.343;14.893.425
2023;Octubre;PESOS;20;MINISTERIO SECRETARÍA GENERAL DE GOBIERNO;22;BIENES Y SERVICIOS DE CONSUMO;283.105;2.644.759
2023;Octubre;PESOS;20;MINISTERIO SECRETARÍA GENERAL DE GOBIERNO;23;PRESTACIONES DE SEGURIDAD SOCIAL;0;194.563
2023;Octubre;PESOS;20;MINISTERIO SECRETARÍA GENERAL DE GOBIERNO;24;TRANSFERENCIAS CORRIENTES;972.547;8.250.861
2023;Octubre;PESOS;20;MINISTERIO SECRETARÍA GENERAL DE GOBIERNO;25;INTEGROS AL FISCO;8.569.763;8.829.588
2023;Octubre;PESOS;20;MINISTERIO SECRETARÍA GENERAL DE GOBIERNO;26;OTROS GASTOS CORRIENTES;0;19.363
2023;Octubre;PESOS;20;MINISTERIO SECRETARÍA GENERAL DE GOBIERNO;29;ADQUISICIÓN DE ACTIVOS NO FINANCIEROS;37.370;232.510
2023;Octubre;PESOS;20;MINISTERIO SECRETARÍA GENERAL DE GOBIERNO;34;SERVICIO DE LA DEUDA;21.802;5.011.649
2023;Octubre;PESOS;21;MINISTERIO DE DESARROLLO SOCIAL Y FAMILIA;05;TRANSFERENCIAS CORRIENTES;71.865;1.806.285
2023;Octubre;PESOS;21;MINISTERIO DE DESARROLLO SOCIAL Y FAMILIA;08;OTROS INGRESOS CORRIENTES;933.012;7.375.359
2023;Octubre;PESOS;21;MINISTERIO DE DESARROLLO SOCIAL Y FAMILIA;09;APORTE FISCAL;94.439.061;1.035.247.388
2023;Octubre;PESOS;21;MINISTERIO DE DESARROLLO SOCIAL Y FAMILIA;10;VENTA DE ACTIVOS NO FINANCIEROS;0;20.678
2023;Octubre;PESOS;21;MINISTERIO DE DESARROLLO SOCIAL Y FAMILIA;12;RECUPERACIÓN DE PRÉSTAMOS;0;1.889.283
2023;Octubre;PESOS;21;MINISTERIO DE DESARROLLO SOCIAL Y FAMILIA;21;GASTOS EN PERSONAL;12.415.038;144.183.760
2023;Octubre;PESOS;21;MINISTERIO DE DESARROLLO SOCIAL Y FAMILIA;22;BIENES Y SERVICIOS DE CONSUMO;3.941.502;30.042.048
2023;Octubre;PESOS;21;MINISTERIO DE DESARROLLO SOCIAL Y FAMILIA;23;PRESTACIONES DE SEGURIDAD SOCIAL;276.225;682.247
2023;Octubre;PESOS;21;MINISTERIO DE DESARROLLO SOCIAL Y FAMILIA;24;TRANSFERENCIAS CORRIENTES;64.239.579;718.266.137
2023;Octubre;PESOS;21;MINISTERIO DE DESARROLLO SOCIAL Y FAMILIA;25;INTEGROS AL FISCO;22.969;1.484.821
2023;Octubre;PESOS;21;MINISTERIO DE DESARROLLO SOCIAL Y FAMILIA;26;OTROS GASTOS CORRIENTES;0;72.898
2023;Octubre;PESOS;21;MINISTERIO DE DESARROLLO SOCIAL Y FAMILIA;29;ADQUISICIÓN DE ACTIVOS NO FINANCIEROS;1.410.651;3.281.958
2023;Octubre;PESOS;21;MINISTERIO DE DESARROLLO SOCIAL Y FAMILIA;33;TRANSFERENCIAS DE CAPITAL;20.696.812;83.205.173
2023;Octubre;PESOS;21;MINISTERIO DE DESARROLLO SOCIAL Y FAMILIA;34;SERVICIO DE LA DEUDA;126.360;90.454.302
2023;Octubre;PESOS;22;MINISTERIO SECRETARÍA GENERAL DE LA PRESIDENCIA DE LA REPÚBLICA;08;OTROS INGRESOS CORRIENTES;43.296;200.873
2023;Octubre;PESOS;22;MINISTERIO SECRETARÍA GENERAL DE LA PRESIDENCIA DE LA REPÚBLICA;09;APORTE FISCAL;1.506.459;16.176.481
2023;Octubre;PESOS;22;MINISTERIO SECRETARÍA GENERAL DE LA PRESIDENCIA DE LA REPÚBLICA;12;RECUPERACIÓN DE PRÉSTAMOS;0;402.677
2023;Octubre;PESOS;22;MINISTERIO SECRETARÍA GENERAL DE LA PRESIDENCIA DE LA REPÚBLICA;21;GASTOS EN PERSONAL;1.172.007;12.353.611
2023;Octubre;PESOS;22;MINISTERIO SECRETARÍA GENERAL DE LA PRESIDENCIA DE LA REPÚBLICA;22;BIENES Y SERVICIOS DE CONSUMO;394.675;2.619.130
2023;Octubre;PESOS;22;MINISTERIO SECRETARÍA GENERAL DE LA PRESIDENCIA DE LA REPÚBLICA;23;PRESTACIONES DE SEGURIDAD SOCIAL;0;71.408
2023;Octubre;PESOS;22;MINISTERIO SECRETARÍA GENERAL DE LA PRESIDENCIA DE LA REPÚBLICA;24;TRANSFERENCIAS CORRIENTES;50.874;163.346
2023;Octubre;PESOS;22;MINISTERIO SECRETARÍA GENERAL DE LA PRESIDENCIA DE LA REPÚBLICA;25;INTEGROS AL FISCO;0;342.014
2023;Octubre;PESOS;22;MINISTERIO SECRETARÍA GENERAL DE LA PRESIDENCIA DE LA REPÚBLICA;29;ADQUISICIÓN DE ACTIVOS NO FINANCIEROS;476;131.559
2023;Octubre;PESOS;22;MINISTERIO SECRETARÍA GENERAL DE LA PRESIDENCIA DE LA REPÚBLICA;34;SERVICIO DE LA DEUDA;0;858.619
2023;Octubre;PESOS;23;MINISTERIO PÚBLICO;08;OTROS INGRESOS CORRIENTES;455.712;5.681.354
2023;Octubre;PESOS;23;MINISTERIO PÚBLICO;09;APORTE FISCAL;20.886.562;198.187.503
2023;Octubre;PESOS;23;MINISTERIO PÚBLICO;10;VENTA DE ACTIVOS NO FINANCIEROS;0;22.879
2023;Octubre;PESOS;23;MINISTERIO PÚBLICO;12;RECUPERACIÓN DE PRÉSTAMOS;0;441.242
2023;Octubre;PESOS;23;MINISTERIO PÚBLICO;21;GASTOS EN PERSONAL;15.247.579;169.542.661
2023;Octubre;PESOS;23;MINISTERIO PÚBLICO;22;BIENES Y SERVICIOS DE CONSUMO;3.951.423;30.228.511
2023;Octubre;PESOS;23;MINISTERIO PÚBLICO;23;PRESTACIONES DE SEGURIDAD SOCIAL;249.763;1.655.673
2023;Octubre;PESOS;23;MINISTERIO PÚBLICO;24;TRANSFERENCIAS CORRIENTES;15.240;547.304
2023;Octubre;PESOS;23;MINISTERIO PÚBLICO;25;INTEGROS AL FISCO;0;3.879
2023;Octubre;PESOS;23;MINISTERIO PÚBLICO;26;OTROS GASTOS CORRIENTES;0;64.098
2023;Octubre;PESOS;23;MINISTERIO PÚBLICO;29;ADQUISICIÓN DE ACTIVOS NO FINANCIEROS;5.369;741.342
2023;Octubre;PESOS;23;MINISTERIO PÚBLICO;31;INICIATIVAS DE INVERSIÓN;210.373;1.863.336
2023;Octubre;PESOS;23;MINISTERIO PÚBLICO;34;SERVICIO DE LA DEUDA;0;723.445
2023;Octubre;PESOS;24;MINISTERIO DE ENERGÍA;05;TRANSFERENCIAS CORRIENTES;682.255;1.138.843
2023;Octubre;PESOS;24;MINISTERIO DE ENERGÍA;06;RENTAS DE LA PROPIEDAD;0;302.257
2023;Octubre;PESOS;24;MINISTERIO DE ENERGÍA;07;INGRESOS DE OPERACIÓN;220.391;1.607.526
2023;Octubre;PESOS;24;MINISTERIO DE ENERGÍA;08;OTROS INGRESOS CORRIENTES;61.103;1.581.398
2023;Octubre;PESOS;24;MINISTERIO DE ENERGÍA;09;APORTE FISCAL;8.677.111;85.857.319
2023;Octubre;PESOS;24;MINISTERIO DE ENERGÍA;10;VENTA DE ACTIVOS NO FINANCIEROS;0;22.375
2023;Octubre;PESOS;24;MINISTERIO DE ENERGÍA;12;RECUPERACIÓN DE PRÉSTAMOS;-751;1.998.166
2023;Octubre;PESOS;24;MINISTERIO DE ENERGÍA;21;GASTOS EN PERSONAL;3.180.639;35.923.031
2023;Octubre;PESOS;24;MINISTERIO DE ENERGÍA;22;BIENES Y SERVICIOS DE CONSUMO;1.122.688;8.130.475
2023;Octubre;PESOS;24;MINISTERIO DE ENERGÍA;23;PRESTACIONES DE SEGURIDAD SOCIAL;0;714.099
2023;Octubre;PESOS;24;MINISTERIO DE ENERGÍA;24;TRANSFERENCIAS CORRIENTES;11.086.448;49.118.896
2023;Octubre;PESOS;24;MINISTERIO DE ENERGÍA;25;INTEGROS AL FISCO;0;2.531.713
2023;Octubre;PESOS;24;MINISTERIO DE ENERGÍA;26;OTROS GASTOS CORRIENTES;19.099;19.099
2023;Octubre;PESOS;24;MINISTERIO DE ENERGÍA;29;ADQUISICIÓN DE ACTIVOS NO FINANCIEROS;84.941;798.606
2023;Octubre;PESOS;24;MINISTERIO DE ENERGÍA;31;INICIATIVAS DE INVERSIÓN;0;202.044
2023;Octubre;PESOS;24;MINISTERIO DE ENERGÍA;33;TRANSFERENCIAS DE CAPITAL;0;3.449.148
2023;Octubre;PESOS;24;MINISTERIO DE ENERGÍA;34;SERVICIO DE LA DEUDA;0;7.952.587
2023;Octubre;PESOS;25;MINISTERIO DEL MEDIO AMBIENTE;05;TRANSFERENCIAS CORRIENTES;159.064;1.109.338
2023;Octubre;PESOS;25;MINISTERIO DEL MEDIO AMBIENTE;08;OTROS INGRESOS CORRIENTES;68.200;989.681
2023;Octubre;PESOS;25;MINISTERIO DEL MEDIO AMBIENTE;09;APORTE FISCAL;3.952.420;53.551.314
2023;Octubre;PESOS;25;MINISTERIO DEL MEDIO AMBIENTE;10;VENTA DE ACTIVOS NO FINANCIEROS;0;12.542
2023;Octubre;PESOS;25;MINISTERIO DEL MEDIO AMBIENTE;12;RECUPERACIÓN DE PRÉSTAMOS;0;625.650
2023;Octubre;PESOS;25;MINISTERIO DEL MEDIO AMBIENTE;21;GASTOS EN PERSONAL;3.458.192;37.842.575
2023;Octubre;PESOS;25;MINISTERIO DEL MEDIO AMBIENTE;22;BIENES Y SERVICIOS DE CONSUMO;609.535;5.631.387
2023;Octubre;PESOS;25;MINISTERIO DEL MEDIO AMBIENTE;23;PRESTACIONES DE SEGURIDAD SOCIAL;0;94.827
2023;Octubre;PESOS;25;MINISTERIO DEL MEDIO AMBIENTE;24;TRANSFERENCIAS CORRIENTES;1.261.563;7.337.661
2023;Octubre;PESOS;25;MINISTERIO DEL MEDIO AMBIENTE;25;INTEGROS AL FISCO;0;380.444
2023;Octubre;PESOS;25;MINISTERIO DEL MEDIO AMBIENTE;26;OTROS GASTOS CORRIENTES;23.313;88.150
2023;Octubre;PESOS;25;MINISTERIO DEL MEDIO AMBIENTE;29;ADQUISICIÓN DE ACTIVOS NO FINANCIEROS;103.094;656.942
2023;Octubre;PESOS;25;MINISTERIO DEL MEDIO AMBIENTE;34;SERVICIO DE LA DEUDA;0;4.393.671
2023;Octubre;PESOS;26;MINISTERIO DEL DEPORTE;05;TRANSFERENCIAS CORRIENTES;2.324.785;14.792.172
2023;Octubre;PESOS;26;MINISTERIO DEL DEPORTE;06;RENTAS DE LA PROPIEDAD;76;2.174
2023;Octubre;PESOS;26;MINISTERIO DEL DEPORTE;07;INGRESOS DE OPERACIÓN;35.501;1.035.963
2023;Octubre;PESOS;26;MINISTERIO DEL DEPORTE;08;OTROS INGRESOS CORRIENTES;143.224;1.545.593
2023;Octubre;PESOS;26;MINISTERIO DEL DEPORTE;09;APORTE FISCAL;42.382.279;475.009.243
2023;Octubre;PESOS;26;MINISTERIO DEL DEPORTE;12;RECUPERACIÓN DE PRÉSTAMOS;0;117.096
2023;Octubre;PESOS;26;MINISTERIO DEL DEPORTE;21;GASTOS EN PERSONAL;2.597.701;30.431.594
2023;Octubre;PESOS;26;MINISTERIO DEL DEPORTE;22;BIENES Y SERVICIOS DE CONSUMO;427.721;3.631.707
2023;Octubre;PESOS;26;MINISTERIO DEL DEPORTE;23;PRESTACIONES DE SEGURIDAD SOCIAL;0;31.659
2023;Octubre;PESOS;26;MINISTERIO DEL DEPORTE;24;TRANSFERENCIAS CORRIENTES;8.548.175;272.936.775
2023;Octubre;PESOS;26;MINISTERIO DEL DEPORTE;25;INTEGROS AL FISCO;4.383;706.552
2023;Octubre;PESOS;26;MINISTERIO DEL DEPORTE;29;ADQUISICIÓN DE ACTIVOS NO FINANCIEROS;9.021;470.408
2023;Octubre;PESOS;26;MINISTERIO DEL DEPORTE;31;INICIATIVAS DE INVERSIÓN;33.352.165;159.278.505
2023;Octubre;PESOS;26;MINISTERIO DEL DEPORTE;33;TRANSFERENCIAS DE CAPITAL;339.663;1.005.242
2023;Octubre;PESOS;26;MINISTERIO DEL DEPORTE;34;SERVICIO DE LA DEUDA;-3.983;11.331.449
2023;Octubre;PESOS;27;MINISTERIO DE LA MUJER Y LA EQUIDAD DE GÉNERO;05;TRANSFERENCIAS CORRIENTES;9.423;218.581
2023;Octubre;PESOS;27;MINISTERIO DE LA MUJER Y LA EQUIDAD DE GÉNERO;08;OTROS INGRESOS CORRIENTES;20.187;1.142.824
2023;Octubre;PESOS;27;MINISTERIO DE LA MUJER Y LA EQUIDAD DE GÉNERO;09;APORTE FISCAL;2.192.316;74.187.936
2023;Octubre;PESOS;27;MINISTERIO DE LA MUJER Y LA EQUIDAD DE GÉNERO;12;RECUPERACIÓN DE PRÉSTAMOS;0;1.326.808
2023;Octubre;PESOS;27;MINISTERIO DE LA MUJER Y LA EQUIDAD DE GÉNERO;21;GASTOS EN PERSONAL;1.388.897;16.499.838
2023;Octubre;PESOS;27;MINISTERIO DE LA MUJER Y LA EQUIDAD DE GÉNERO;22;BIENES Y SERVICIOS DE CONSUMO;398.428;3.124.223
2023;Octubre;PESOS;27;MINISTERIO DE LA MUJER Y LA EQUIDAD DE GÉNERO;23;PRESTACIONES DE SEGURIDAD SOCIAL;0;62.894
2023;Octubre;PESOS;27;MINISTERIO DE LA MUJER Y LA EQUIDAD DE GÉNERO;24;TRANSFERENCIAS CORRIENTES;36.465;52.310.197
2023;Octubre;PESOS;27;MINISTERIO DE LA MUJER Y LA EQUIDAD DE GÉNERO;25;INTEGROS AL FISCO;39.776;319.029
2023;Octubre;PESOS;27;MINISTERIO DE LA MUJER Y LA EQUIDAD DE GÉNERO;29;ADQUISICIÓN DE ACTIVOS NO FINANCIEROS;32.617;128.463
2023;Octubre;PESOS;27;MINISTERIO DE LA MUJER Y LA EQUIDAD DE GÉNERO;34;SERVICIO DE LA DEUDA;0;636.678
2023;Octubre;PESOS;28;SERVICIO ELECTORAL;08;OTROS INGRESOS CORRIENTES;64.079;410.596
2023;Octubre;PESOS;28;SERVICIO ELECTORAL;09;APORTE FISCAL;1.658.207;48.796.372
2023;Octubre;PESOS;28;SERVICIO ELECTORAL;10;VENTA DE ACTIVOS NO FINANCIEROS;0;11.879
2023;Octubre;PESOS;28;SERVICIO ELECTORAL;12;RECUPERACIÓN DE PRÉSTAMOS;0;117.385
2023;Octubre;PESOS;28;SERVICIO ELECTORAL;21;GASTOS EN PERSONAL;1.027.457;12.243.502
2023;Octubre;PESOS;28;SERVICIO ELECTORAL;22;BIENES Y SERVICIOS DE CONSUMO;837.296;3.562.235
2023;Octubre;PESOS;28;SERVICIO ELECTORAL;23;PRESTACIONES DE SEGURIDAD SOCIAL;0;330.322
2023;Octubre;PESOS;28;SERVICIO ELECTORAL;24;TRANSFERENCIAS CORRIENTES;1.261.358;32.648.424
2023;Octubre;PESOS;28;SERVICIO ELECTORAL;25;INTEGROS AL FISCO;25.029;127.404
2023;Octubre;PESOS;28;SERVICIO ELECTORAL;26;OTROS GASTOS CORRIENTES;31.727;173.108
2023;Octubre;PESOS;28;SERVICIO ELECTORAL;29;ADQUISICIÓN DE ACTIVOS NO FINANCIEROS;6.834;79.277
2023;Octubre;PESOS;28;SERVICIO ELECTORAL;34;SERVICIO DE LA DEUDA;0;1.740.981
2023;Octubre;PESOS;29;MINISTERIO DE LAS CULTURAS, LAS ARTES Y EL PATRIMONIO;05;TRANSFERENCIAS CORRIENTES;27.969;284.606
2023;Octubre;PESOS;29;MINISTERIO DE LAS CULTURAS, LAS ARTES Y EL PATRIMONIO;06;RENTAS DE LA PROPIEDAD;1.098;11.902
2023;Octubre;PESOS;29;MINISTERIO DE LAS CULTURAS, LAS ARTES Y EL PATRIMONIO;07;INGRESOS DE OPERACIÓN;9.778;141.327
2023;Octubre;PESOS;29;MINISTERIO DE LAS CULTURAS, LAS ARTES Y EL PATRIMONIO;08;OTROS INGRESOS CORRIENTES;203.293;2.622.309
2023;Octubre;PESOS;29;MINISTERIO DE LAS CULTURAS, LAS ARTES Y EL PATRIMONIO;09;APORTE FISCAL;15.707.195;198.614.097
2023;Octubre;PESOS;29;MINISTERIO DE LAS CULTURAS, LAS ARTES Y EL PATRIMONIO;12;RECUPERACIÓN DE PRÉSTAMOS;0;1.910.046
2023;Octubre;PESOS;29;MINISTERIO DE LAS CULTURAS, LAS ARTES Y EL PATRIMONIO;21;GASTOS EN PERSONAL;4.969.258;59.396.292
2023;Octubre;PESOS;29;MINISTERIO DE LAS CULTURAS, LAS ARTES Y EL PATRIMONIO;22;BIENES Y SERVICIOS DE CONSUMO;1.565.370;16.050.822
2023;Octubre;PESOS;29;MINISTERIO DE LAS CULTURAS, LAS ARTES Y EL PATRIMONIO;23;PRESTACIONES DE SEGURIDAD SOCIAL;0;640.066
2023;Octubre;PESOS;29;MINISTERIO DE LAS CULTURAS, LAS ARTES Y EL PATRIMONIO;24;TRANSFERENCIAS CORRIENTES;4.069.090;96.322.737
2023;Octubre;PESOS;29;MINISTERIO DE LAS CULTURAS, LAS ARTES Y EL PATRIMONIO;25;INTEGROS AL FISCO;43.667;2.112.824
2023;Octubre;PESOS;29;MINISTERIO DE LAS CULTURAS, LAS ARTES Y EL PATRIMONIO;29;ADQUISICIÓN DE ACTIVOS NO FINANCIEROS;657.731;1.887.936
2023;Octubre;PESOS;29;MINISTERIO DE LAS CULTURAS, LAS ARTES Y EL PATRIMONIO;31;INICIATIVAS DE INVERSIÓN;81.672;1.471.205
2023;Octubre;PESOS;29;MINISTERIO DE LAS CULTURAS, LAS ARTES Y EL PATRIMONIO;33;TRANSFERENCIAS DE CAPITAL;16.865;6.381.690
2023;Octubre;PESOS;29;MINISTERIO DE LAS CULTURAS, LAS ARTES Y EL PATRIMONIO;34;SERVICIO DE LA DEUDA;0;21.855.504
2023;Octubre;PESOS;30;MINISTERIO DE CIENCIA, TECNOLOGÍA, CONOCIMIENTO E INNOVACIÓN;05;TRANSFERENCIAS CORRIENTES;6.698.482;18.699.531
2023;Octubre;PESOS;30;MINISTERIO DE CIENCIA, TECNOLOGÍA, CONOCIMIENTO E INNOVACIÓN;08;OTROS INGRESOS CORRIENTES;1.348.919;10.294.259
2023;Octubre;PESOS;30;MINISTERIO DE CIENCIA, TECNOLOGÍA, CONOCIMIENTO E INNOVACIÓN;09;APORTE FISCAL;35.248.590;323.519.120
2023;Octubre;PESOS;30;MINISTERIO DE CIENCIA, TECNOLOGÍA, CONOCIMIENTO E INNOVACIÓN;12;RECUPERACIÓN DE PRÉSTAMOS;0;161.638
2023;Octubre;PESOS;30;MINISTERIO DE CIENCIA, TECNOLOGÍA, CONOCIMIENTO E INNOVACIÓN;21;GASTOS EN PERSONAL;1.523.309;16.977.998
2023;Octubre;PESOS;30;MINISTERIO DE CIENCIA, TECNOLOGÍA, CONOCIMIENTO E INNOVACIÓN;22;BIENES Y SERVICIOS DE CONSUMO;323.440;3.495.079
2023;Octubre;PESOS;30;MINISTERIO DE CIENCIA, TECNOLOGÍA, CONOCIMIENTO E INNOVACIÓN;23;PRESTACIONES DE SEGURIDAD SOCIAL;0;93.718
2023;Octubre;PESOS;30;MINISTERIO DE CIENCIA, TECNOLOGÍA, CONOCIMIENTO E INNOVACIÓN;24;TRANSFERENCIAS CORRIENTES;24.005.498;299.899.362
2023;Octubre;PESOS;30;MINISTERIO DE CIENCIA, TECNOLOGÍA, CONOCIMIENTO E INNOVACIÓN;25;INTEGROS AL FISCO;0;4.162.554
2023;Octubre;PESOS;30;MINISTERIO DE CIENCIA, TECNOLOGÍA, CONOCIMIENTO E INNOVACIÓN;26;OTROS GASTOS CORRIENTES;0;2.515
2023;Octubre;PESOS;30;MINISTERIO DE CIENCIA, TECNOLOGÍA, CONOCIMIENTO E INNOVACIÓN;29;ADQUISICIÓN DE ACTIVOS NO FINANCIEROS;13.525;211.898
2023;Octubre;PESOS;30;MINISTERIO DE CIENCIA, TECNOLOGÍA, CONOCIMIENTO E INNOVACIÓN;33;TRANSFERENCIAS DE CAPITAL;4.579.090;4.598.923
2023;Octubre;PESOS;30;MINISTERIO DE CIENCIA, TECNOLOGÍA, CONOCIMIENTO E INNOVACIÓN;34;SERVICIO DE LA DEUDA;0;29.204.500
2023;Octubre;PESOS;31;GOBIERNOS REGIONALES;09;APORTE FISCAL;53.332.715;549.944.447
2023;Octubre;PESOS;31;GOBIERNOS REGIONALES;13;TRANSFERENCIAS PARA GASTOS DE CAPITAL;10.464.484;424.807.296
2023;Octubre;PESOS;31;GOBIERNOS REGIONALES;24;TRANSFERENCIAS CORRIENTES;9.229.990;94.004.207
2023;Octubre;PESOS;31;GOBIERNOS REGIONALES;33;TRANSFERENCIAS DE CAPITAL;54.617.209;888.530.785
2023;Octubre;PESOS;50;TESORO PÚBLICO;01;IMPUESTOS;3.914.611.946;41.535.659.935
2023;Octubre;PESOS;50;TESORO PÚBLICO;05;TRANSFERENCIAS CORRIENTES;215.893.795;1.911.781.361
2023;Octubre;PESOS;50;TESORO PÚBLICO;06;RENTAS DE LA PROPIEDAD;11.438.523;627.663.321
2023;Octubre;PESOS;50;TESORO PÚBLICO;07;INGRESOS DE OPERACIÓN;1.200.522;45.424.513
2023;Octubre;PESOS;50;TESORO PÚBLICO;08;OTROS INGRESOS CORRIENTES;103.447.705;1.835.421.325
2023;Octubre;PESOS;50;TESORO PÚBLICO;10;VENTA DE ACTIVOS NO FINANCIEROS;68.244;232.701
2023;Octubre;PESOS;50;TESORO PÚBLICO;11;VENTA DE ACTIVOS FINANCIEROS;-479.642.001;4.799.780.045
2023;Octubre;PESOS;50;TESORO PÚBLICO;12;RECUPERACIÓN DE PRÉSTAMOS;81.570;7.664.411
2023;Octubre;PESOS;50;TESORO PÚBLICO;13;TRANSFERENCIAS PARA GASTOS DE CAPITAL;10.622.392;74.168.162
2023;Octubre;PESOS;50;TESORO PÚBLICO;14;ENDEUDAMIENTO;2.723.053.653;13.574.127.153
2023;Octubre;PESOS;50;TESORO PÚBLICO;22;BIENES Y SERVICIOS DE CONSUMO;19.533;261.783
2023;Octubre;PESOS;50;TESORO PÚBLICO;23;PRESTACIONES DE SEGURIDAD SOCIAL;21.176.646;207.709.305
2023;Octubre;PESOS;50;TESORO PÚBLICO;24;TRANSFERENCIAS CORRIENTES;214.653.001;2.355.866.533
2023;Octubre;PESOS;50;TESORO PÚBLICO;26;OTROS GASTOS CORRIENTES;10.157.351;105.600.712
2023;Octubre;PESOS;50;TESORO PÚBLICO;27;APORTE FISCAL LIBRE;4.784.541.265;48.100.212.986
2023;Octubre;PESOS;50;TESORO PÚBLICO;28;APORTE FISCAL PARA SERVICIO DE LA DEUDA;33.716.229;263.027.007
2023;Octubre;PESOS;50;TESORO PÚBLICO;30;ADQUISICIÓN DE ACTIVOS FINANCIEROS;746.504.273;2.041.055.710
2023;Octubre;PESOS;50;TESORO PÚBLICO;33;TRANSFERENCIAS DE CAPITAL;86.329.108;993.079.233
2023;Octubre;PESOS;50;TESORO PÚBLICO;34;SERVICIO DE LA DEUDA;466.545.840;10.339.903.537
